"19","Arsenal","Leicester","1.53","4.5","6.5","4","3"
"20","Brighton","Man_City","11","5.5","1.33","0","2"
"21","Chelsea","Burnley","1.25","6.5","15","2","3"
"22","Crystal_Palace","Huddersfield","1.83","3.6","5","0","3"
"23","Everton","Stoke","1.7","3.8","5.75","1","0"
"24","Southampton","Swansea","1.62","4","6.5","0","0"
"25","Watford","Liverpool","6","4.2","1.62","3","3"
"26","West_Brom","Bournemouth","2.4","3.3","3.3","1","0"
"27","Man_United","West_Ham","1.3","5.75","12","4","0"
"28","Newcastle","Tottenham","5.5","4","1.7","0","2"
"29","Bournemouth","Watford","2","3.6","4","0","2"
"30","Burnley","West_Brom","2.63","3.2","3","0","1"
"31","Leicester","Brighton","1.73","3.8","5.5","2","0"
"32","Liverpool","Crystal_Palace","1.36","5.25","9.5","1","0"
"33","Southampton","West_Ham","1.75","3.8","5.25","3","2"
"34","Stoke","Arsenal","4.5","3.8","1.85","1","0"
"35","Swansea","Man_United","11","5","1.36","0","4"
"36","Huddersfield","Newcastle","2.5","3.25","3.2","1","0"
"37","Tottenham","Chelsea","2.1","3.6","3.75","1","2"
"38","Man_City","Everton","1.33","5.75","10","1","1"
"39","Bournemouth","Man_City","11","6","1.3","1","2"
"40","Crystal_Palace","Swansea","1.95","3.5","4.33","0","2"
"41","Huddersfield","Southampton","3.9","3.4","2.1","0","0"
"42","Man_United","Leicester","1.33","5.5","11","2","0"
"43","Newcastle","West_Ham","2.3","3.4","3.4","3","0"
"44","Watford","Brighton","1.91","3.4","4","0","0"
"45","Chelsea","Everton","1.45","4.5","8.5","2","0"
"46","Liverpool","Arsenal","2.15","3.7","3.5","4","0"
"47","Tottenham","Burnley","1.25","6.5","15","1","1"
"48","West_Brom","Stoke","2.4","3.1","3.5","1","1"
"49","Arsenal","Bournemouth","1.36","5.5","9","3","0"
"50","Brighton","West_Brom","2.7","3.1","3","3","1"
"51","Everton","Tottenham","3.8","3.5","2.1","0","3"
"52","Leicester","Chelsea","4.75","3.9","1.8","1","2"
"53","Man_City","Liverpool","1.85","4","4.2","5","0"
"54","Southampton","Watford","1.65","4","6","0","2"
"55","Stoke","Man_United","7.5","4.5","1.5","2","2"
"56","Burnley","Crystal_Palace","2.3","3.25","3.5","1","0"
"57","Swansea","Newcastle","2.4","3.25","3.3","0","1"
"58","West_Ham","Huddersfield","1.95","3.5","4.5","2","0"
"59","Bournemouth","Brighton","2.15","3.4","3.8","2","1"
"60","Crystal_Palace","Southampton","3","3.3","2.6","0","1"
"61","Huddersfield","Leicester","3.5","3.4","2.25","1","1"
"62","Liverpool","Burnley","1.29","6","13","1","1"
"63","Newcastle","Stoke","2.38","3.25","3.4","2","1"
"64","Tottenham","Swansea","1.22","7","15","0","0"
"65","Watford","Man_City","9","6","1.33","0","6"
"66","West_Brom","West_Ham","2.38","3.25","3.4","0","0"
"67","Chelsea","Arsenal","1.8","4","4.5","0","0"
"68","Man_United","Everton","1.36","5.25","10","4","0"
"69","Burnley","Huddersfield","2.15","3.25","3.9","0","0"
"70","Everton","Bournemouth","1.65","4","5.75","2","1"
"71","Leicester","Liverpool","4.1","3.9","1.91","2","3"
"72","Man_City","Crystal_Palace","1.14","10","21","5","0"
"73","Southampton","Man_United","5.5","3.8","1.73","0","1"
"74","Stoke","Chelsea","6","4.1","1.62","0","4"
"75","Swansea","Watford","2.4","3.3","3.25","1","2"
"76","West_Ham","Tottenham","6","4.33","1.6","2","3"
"77","Brighton","Newcastle","2.8","3.1","2.9","1","0"
"78","Arsenal","West_Brom","1.33","5.5","11","2","0"
"79","Bournemouth","Leicester","2.8","3.25","2.5","0","0"
"80","Chelsea","Man_City","2.75","3.3","2.5","0","1"
"81","Huddersfield","Tottenham","8.5","4.75","1.36","0","4"
"82","Man_United","Crystal_Palace","1.17","7","15","4","0"
"83","Stoke","Southampton","2.88","3.2","2.45","2","1"
"84","West_Brom","Watford","2.15","3.2","3.5","2","2"
"85","West_Ham","Swansea","1.8","3.5","4.5","1","0"
"86","Arsenal","Brighton","1.2","6.5","13","2","0"
"87","Everton","Burnley","1.67","3.6","5.75","0","1"
"88","Newcastle","Liverpool","5","3.8","1.67","1","1"
"89","Burnley","West_Ham","2.75","3.25","2.8","1","1"
"90","Crystal_Palace","Chelsea","9","5","1.4","2","1"
"91","Liverpool","Man_United","2.8","3.25","2.8","0","0"
"92","Man_City","Stoke","1.14","9.5","21","7","2"
"93","Swansea","Huddersfield","2.2","3.25","3.75","2","0"
"94","Tottenham","Bournemouth","1.2","8","15","1","0"
"95","Watford","Arsenal","5.25","4.33","1.65","2","1"
"96","Brighton","Everton","3.25","3.3","2.4","1","1"
"97","Southampton","Newcastle","1.91","3.6","4.5","2","2"
"98","Leicester","West_Brom","2.05","3.4","4.2","1","1"
"99","West_Ham","Brighton","1.83","3.5","5.25","0","3"
"100","Chelsea","Watford","1.36","5.25","10","4","2"
"101","Huddersfield","Man_United","11","5","1.36","2","1"
"102","Man_City","Burnley","1.11","12","26","3","0"
"103","Newcastle","Crystal_Palace","2","3.5","4.2","1","0"
"104","Southampton","West_Brom","1.85","3.39","5.25","1","0"
"105","Stoke","Bournemouth","2.14","3.5","3.6","1","2"
"106","Swansea","Leicester","2.79","3.25","2.75","1","2"
"107","Everton","Arsenal","3.79","3.6","2.04","2","5"
"108","Tottenham","Liverpool","2.25","3.5","3.39","4","1"
"109","Arsenal","Swansea","1.25","7","12","2","1"
"110","Bournemouth","Chelsea","6","4.2","1.61","0","1"
"111","Crystal_Palace","West_Ham","2.39","3.29","3.29","2","2"
"112","Liverpool","Huddersfield","1.25","6.75","13","3","0"
"113","Man_United","Tottenham","2.14","3.39","3.79","1","0"
"114","Watford","Stoke","2.04","3.6","3.79","0","1"
"115","West_Brom","Man_City","11","6.5","1.28","2","3"
"116","Brighton","Southampton","3.29","3.2","2.45","1","1"
"117","Leicester","Everton","2.14","3.39","3.75","2","0"
"118","Burnley","Newcastle","2.89","3.2","2.7","1","0"
"119","Huddersfield","West_Brom","2.79","3","3","1","0"
"120","Newcastle","Bournemouth","2","3.5","4.2","0","1"
"121","Southampton","Burnley","1.66","3.75","6.5","0","1"
"122","Stoke","Leicester","2.7","3.29","2.87","2","2"
"123","Swansea","Brighton","2.39","3.2","3.39","0","1"
"124","West_Ham","Liverpool","5.25","4.33","1.66","1","4"
"125","Chelsea","Man_United","2.5","3.2","3.2","1","0"
"126","Everton","Watford","2.2","3.39","3.6","3","2"
"127","Man_City","Arsenal","1.39","5.5","7.5","3","1"
"128","Tottenham","Crystal_Palace","1.28","6","12","1","0"
"129","Arsenal","Tottenham","2.5","3.6","2.89","2","0"
"130","Bournemouth","Huddersfield","1.83","3.5","5.25","4","0"
"131","Burnley","Swansea","2.14","3.2","4","2","0"
"132","Crystal_Palace","Everton","2.39","3.25","3.29","2","2"
"133","Leicester","Man_City","9.5","5.75","1.33","0","2"
"134","Liverpool","Southampton","1.39","5","9","3","0"
"135","Man_United","Newcastle","1.28","5.75","13","4","1"
"136","West_Brom","Chelsea","6.5","4","1.61","0","4"
"137","Watford","West_Ham","2.1","3.5","3.75","2","0"
"138","Brighton","Stoke","2.39","3.2","3.39","2","2"
"139","West_Ham","Leicester","2.7","3.39","2.75","1","1"
"140","Crystal_Palace","Stoke","2.04","3.5","4","2","1"
"141","Liverpool","Chelsea","2.14","3.6","3.5","1","1"
"142","Man_United","Brighton","1.19","7","19","1","0"
"143","Newcastle","Watford","2.2","3.5","3.5","0","3"
"144","Swansea","Bournemouth","2.79","3.25","2.79","0","0"
"145","Tottenham","West_Brom","1.25","6","16","1","1"
"146","Burnley","Arsenal","6.5","4.5","1.53","0","1"
"147","Huddersfield","Man_City","17","8","1.18","1","2"
"148","Southampton","Everton","1.9","3.39","4.75","4","1"
"149","Brighton","Crystal_Palace","2.7","3.1","3","0","0"
"150","Leicester","Tottenham","5","3.89","1.75","2","1"
"151","Watford","Man_United","5.25","3.89","1.72","2","4"
"152","West_Brom","Newcastle","2.37","3.1","3.5","2","2"
"153","Arsenal","Huddersfield","1.19","7.5","17","5","0"
"154","Bournemouth","Burnley","2","3.39","4.33","1","2"
"155","Chelsea","Swansea","1.18","8","17","1","0"
"156","Everton","West_Ham","2.37","3.29","3.29","4","0"
"157","Man_City","Southampton","1.19","8","15","2","1"
"158","Stoke","Liverpool","6.5","4.5","1.55","0","3"
"159","Arsenal","Man_United","2.5","3.39","3","1","3"
"160","Brighton","Liverpool","7.5","4.5","1.5","1","5"
"161","Chelsea","Newcastle","1.25","6.5","15","3","1"
"162","Everton","Huddersfield","1.72","3.79","5.5","2","0"
"163","Leicester","Burnley","1.83","3.6","5","1","0"
"164","Stoke","Swansea","1.95","3.39","4.5","2","1"
"165","Watford","Tottenham","5","4","1.72","1","1"
"166","West_Brom","Crystal_Palace","2.5","3.2","3.2","0","0"
"167","Bournemouth","Southampton","2.89","3.25","2.39","1","1"
"168","Man_City","West_Ham","1.08","11","21","2","1"
"169","Burnley","Watford","2.6","3.25","3","1","0"
"170","Crystal_Palace","Bournemouth","2.04","3.5","4","2","2"
"171","Huddersfield","Brighton","2.7","3.1","3","2","0"
"172","Newcastle","Leicester","2.62","3.29","2.89","2","3"
"173","Swansea","West_Brom","2.7","3.1","3","1","0"
"174","Tottenham","Stoke","1.28","6.5","11","5","1"
"175","West_Ham","Chelsea","7.5","4.5","1.5","1","0"
"176","Liverpool","Everton","1.3","6","11","1","1"
"177","Man_United","Man_City","3.39","3.5","2.25","1","2"
"178","Southampton","Arsenal","4","3.75","1.95","1","1"
"179","Burnley","Stoke","2.29","3.2","3.6","1","0"
"180","Crystal_Palace","Watford","2.29","3.5","3.25","2","1"
"181","Huddersfield","Chelsea","9","4.5","1.44","1","3"
"182","Liverpool","West_Brom","1.22","7","15","0","0"
"183","Man_United","Bournemouth","1.28","6","12","1","0"
"184","Newcastle","Everton","2.39","3.29","3.25","0","1"
"185","Southampton","Leicester","2.1","3.39","3.89","1","4"
"186","Swansea","Man_City","15","6.5","1.25","0","4"
"187","Tottenham","Brighton","1.25","6.5","15","2","0"
"188","West_Ham","Arsenal","5.25","4.2","1.66","0","0"
"189","Arsenal","Newcastle","1.25","6.5","14","1","0"
"190","Brighton","Burnley","2.62","3","3.2","0","0"
"191","Chelsea","Southampton","1.39","5","9","1","0"
"192","Leicester","Crystal_Palace","1.89","3.6","4.5","0","3"
"193","Man_City","Tottenham","1.55","4.59","6","4","1"
"194","Stoke","West_Ham","2.29","3.29","3.5","0","3"
"195","Watford","Huddersfield","1.8","3.75","5","1","4"
"196","Bournemouth","Liverpool","6.5","4.5","1.53","0","4"
"197","West_Brom","Man_United","6.5","4","1.6","1","2"
"198","Everton","Swansea","1.72","3.75","5.5","3","1"
"199","Arsenal","Liverpool","2.54","3.6","2.79","3","3"
"200","Brighton","Watford","2.62","3.2","3","1","0"
"201","Burnley","Tottenham","7","4.2","1.55","0","3"
"202","Everton","Chelsea","6","3.89","1.66","0","0"
"203","Leicester","Man_United","4.5","3.6","1.9","2","2"
"204","Man_City","Bournemouth","1.12","11","23","4","0"
"205","Southampton","Huddersfield","1.61","3.89","6.5","1","1"
"206","Stoke","West_Brom","2.29","3.25","3.5","3","1"
"207","Swansea","Crystal_Palace","3.29","3.2","2.45","1","1"
"208","West_Ham","Newcastle","2.1","3.39","3.89","2","3"
"209","Bournemouth","West_Ham","2.79","3.29","2.75","3","3"
"210","Chelsea","Brighton","1.19","7.5","17","2","0"
"211","Huddersfield","Stoke","2.5","3.2","3.2","1","1"
"212","Liverpool","Swansea","1.16","9","19","5","0"
"213","Man_United","Burnley","1.25","6.5","15","2","2"
"214","Tottenham","Southampton","1.36","5.25","10","5","2"
"215","Watford","Leicester","2.54","3.5","2.87","2","1"
"216","West_Brom","Everton","2.54","3.2","3.1","0","0"
"217","Newcastle","Man_City","13","6.75","1.25","0","1"
"218","Crystal_Palace","Arsenal","4.5","4","1.8","2","3"
"219","Bournemouth","Everton","2.37","3.29","3.29","2","1"
"220","Chelsea","Stoke","1.16","8.5","19","5","0"
"221","Huddersfield","Burnley","2.37","3.1","3.5","0","0"
"222","Liverpool","Leicester","1.3","6","11","2","1"
"223","Man_United","Southampton","1.36","5.5","9","0","0"
"224","Newcastle","Brighton","2.14","3.2","4","0","0"
"225","Watford","Swansea","1.66","3.79","6","1","2"
"226","Crystal_Palace","Man_City","11","6.5","1.28","0","0"
"227","West_Brom","Arsenal","5","4","1.72","1","1"
"228","Brighton","Bournemouth","2.37","3.2","3.39","2","2"
"229","Burnley","Liverpool","7.5","4.5","1.5","1","2"
"230","Everton","Man_United","5.5","3.5","1.8","0","2"
"231","Leicester","Huddersfield","1.66","3.79","6","3","0"
"232","Stoke","Newcastle","2.29","3.29","3.5","0","1"
"233","Man_City","Watford","1.12","8.5","19","3","1"
"234","Southampton","Crystal_Palace","1.9","3.39","4","1","2"
"235","Swansea","Tottenham","12","4.75","1.3","0","2"
"236","West_Ham","West_Brom","1.9","3.39","4.09","2","1"
"237","Arsenal","Chelsea","2.6","3.39","2.6","2","2"
"238","Tottenham","West_Ham","1.25","6","10","1","1"
"239","Chelsea","Leicester","1.3","5.75","12","0","0"
"240","Crystal_Palace","Burnley","2","3.29","4.5","1","0"
"241","Huddersfield","West_Ham","2.62","3.1","3.1","1","4"
"242","Newcastle","Swansea","1.95","3.39","4.5","1","1"
"243","Tottenham","Everton","1.28","6","13","4","0"
"244","Watford","Southampton","2.5","3.39","3","2","2"
"245","West_Brom","Brighton","2.14","3","4.33","2","0"
"246","Bournemouth","Arsenal","4.75","4.2","1.75","2","1"
"247","Liverpool","Man_City","3.1","3.75","2.29","4","3"
"248","Man_United","Stoke","1.22","7","15","3","0"
"249","Arsenal","Crystal_Palace","1.5","4.75","7","4","1"
"250","Brighton","Chelsea","6.5","3.89","1.61","0","4"
"251","Burnley","Man_United","7.5","3.89","1.57","0","1"
"252","Everton","West_Brom","2.14","3.2","4","1","1"
"253","Leicester","Watford","1.85","3.89","4.33","2","0"
"254","Man_City","Newcastle","1.12","10","26","3","1"
"255","Stoke","Huddersfield","2.04","3.39","4.09","2","0"
"256","West_Ham","Bournemouth","2","3.6","4","1","1"
"257","Southampton","Tottenham","5.75","4.09","1.64","1","1"
"258","Swansea","Liverpool","12","5.75","1.3","1","0"
"259","Huddersfield","Liverpool","12","5.75","1.3","0","3"
"260","Swansea","Arsenal","7","4.59","1.5","3","1"
"261","West_Ham","Crystal_Palace","3.1","3.25","2.54","1","1"
"262","Chelsea","Bournemouth","1.28","6.5","11","0","3"
"263","Everton","Leicester","3","3.2","2.62","2","1"
"264","Man_City","West_Brom","1.14","10","21","3","0"
"265","Newcastle","Burnley","2.2","3.2","3.89","1","1"
"266","Southampton","Brighton","1.75","3.5","6","1","1"
"267","Stoke","Watford","2.25","3.5","3.39","0","0"
"268","Tottenham","Man_United","2.35","3.29","3.39","2","0"
"269","Arsenal","Everton","1.3","5.75","12","5","1"
"270","Bournemouth","Stoke","1.9","3.7","4.33","2","1"
"271","Brighton","West_Ham","2.35","3","3.7","3","1"
"272","Burnley","Man_City","13","6","1.28","1","1"
"273","Leicester","Swansea","1.8","3.6","5.25","1","1"
"274","Man_United","Huddersfield","1.16","8.5","19","2","0"
"275","West_Brom","Southampton","2.54","3.2","3.1","2","3"
"276","Crystal_Palace","Newcastle","2.04","3.39","4.2","1","1"
"277","Liverpool","Tottenham","2.1","3.75","3.6","2","2"
"278","Watford","Chelsea","6.25","4","1.61","4","1"
"279","Everton","Crystal_Palace","2.25","3.25","3.2","3","1"
"280","Man_City","Leicester","1.19","6.5","13","5","1"
"281","Stoke","Brighton","2.2","3.2","3.39","1","1"
"282","Swansea","Burnley","2.37","3","3.25","1","0"
"283","Tottenham","Arsenal","2","3.6","3.5","1","0"
"284","West_Ham","Watford","2.5","3.29","2.79","2","0"
"285","Huddersfield","Bournemouth","3.25","3.2","2.25","4","1"
"286","Newcastle","Man_United","5.5","3.75","1.61","1","0"
"287","Southampton","Liverpool","4.2","3.79","1.8","0","2"
"288","Chelsea","West_Brom","1.36","4.75","8","3","0"
"289","Bournemouth","Newcastle","2.1","3.5","3.79","2","2"
"290","Brighton","Swansea","2.14","3.25","4","4","1"
"291","Burnley","Southampton","2.89","3.1","2.79","1","1"
"292","Leicester","Stoke","1.72","3.89","5.25","1","1"
"293","Liverpool","West_Ham","1.22","7.5","13","4","1"
"294","Watford","Everton","2.25","3.39","3.5","1","0"
"295","West_Brom","Huddersfield","1.95","3.29","4.75","1","2"
"296","Crystal_Palace","Tottenham","7.5","4.5","1.5","0","1"
"297","Man_United","Chelsea","2.29","3.25","3.5","2","1"
"298","Arsenal","Man_City","4.5","4","1.72","0","3"
"299","Burnley","Everton","2.5","3.1","3.29","2","1"
"300","Leicester","Bournemouth","1.85","3.75","4.5","1","1"
"301","Liverpool","Newcastle","1.22","7","15","2","0"
"302","Southampton","Stoke","1.75","3.75","5.25","0","0"
"303","Swansea","West_Ham","2.6","3.25","3","4","1"
"304","Tottenham","Huddersfield","1.19","7.5","17","2","0"
"305","Watford","West_Brom","2.14","3.29","3.89","1","0"
"306","Brighton","Arsenal","4.2","3.79","1.9","2","1"
"307","Man_City","Chelsea","1.61","4.2","6","1","0"
"308","Crystal_Palace","Man_United","7","4","1.57","2","3"
"309","Chelsea","Crystal_Palace","1.3","5.75","12","2","1"
"310","Everton","Brighton","2.2","3.2","3.89","2","0"
"311","Huddersfield","Swansea","2.54","3.1","3.2","0","0"
"312","Man_United","Liverpool","2.75","3.39","2.75","2","1"
"313","Newcastle","Southampton","2.79","3.2","2.79","3","0"
"314","West_Brom","Leicester","3","3.25","2.6","1","4"
"315","West_Ham","Burnley","2.29","3.2","3.6","0","3"
"316","Arsenal","Watford","1.44","5","7.5","3","0"
"317","Bournemouth","Tottenham","6.5","4.5","1.55","1","4"
"318","Stoke","Man_City","15","6.5","1.25","0","2"
"319","Bournemouth","West_Brom","1.83","3.6","5","2","1"
"320","Huddersfield","Crystal_Palace","3","3.1","2.7","0","2"
"321","Liverpool","Watford","1.19","8","15","5","0"
"322","Stoke","Everton","2.5","3.29","3.1","1","2"
"323","Brighton","Leicester","2.7","3.2","2.62","0","2"
"324","Crystal_Palace","Liverpool","7","4.33","1.44","1","2"
"325","Everton","Man_City","9","5","1.33","1","3"
"326","Man_United","Swansea","1.25","6","10","2","0"
"327","Newcastle","Huddersfield","1.75","3.39","5","1","0"
"328","Watford","Bournemouth","2.29","3.29","3.1","2","2"
"329","West_Brom","Burnley","2.5","3","3.1","1","2"
"330","West_Ham","Southampton","2.7","3.25","2.6","3","0"
"331","Arsenal","Stoke","1.28","5.5","10","3","0"
"332","Chelsea","Tottenham","2.29","3.29","3.1","1","3"
"333","Bournemouth","Crystal_Palace","2.5","3.39","3","2","2"
"334","Brighton","Huddersfield","1.85","3.5","5","1","1"
"335","Everton","Liverpool","4.2","3.75","1.9","0","0"
"336","Leicester","Newcastle","1.95","3.6","4.2","1","2"
"337","Man_City","Man_United","1.89","3.79","4.2","2","3"
"338","Stoke","Tottenham","11","5.5","1.33","1","2"
"339","Watford","Burnley","2.39","3.2","3.39","1","2"
"340","West_Brom","Swansea","2.37","3.2","3.39","1","1"
"341","Arsenal","Southampton","1.57","4.5","6","3","2"
"342","Chelsea","West_Ham","1.28","6","12","1","1"
"343","Burnley","Swansea","2.4","3.3","3.25","0","1"
"344","Crystal_Palace","West_Brom","2","3.3","4.5","0","1"
"345","Everton","Tottenham","3.2","3.4","2.4","1","1"
"346","Hull","Leicester","4.5","3.6","1.91","2","1"
"347","Man_City","Sunderland","1.25","6.5","15","2","1"
"348","Middlesbrough","Stoke","2.38","3.2","3.4","1","1"
"349","Southampton","Watford","1.8","3.75","5","1","1"
"350","Arsenal","Liverpool","2.4","3.5","3.1","3","4"
"351","Bournemouth","Man_United","4.75","3.6","1.85","1","3"
"352","Chelsea","West_Ham","1.65","4","6","2","1"
"353","Man_United","Southampton","1.53","4.2","7.5","2","0"
"354","Burnley","Liverpool","6.5","4.2","1.57","2","0"
"355","Leicester","Arsenal","2.88","3.6","2.5","0","0"
"356","Stoke","Man_City","5.5","3.8","1.73","1","4"
"357","Swansea","Hull","1.8","3.6","5.25","0","2"
"358","Tottenham","Crystal_Palace","1.45","4.75","8","1","0"
"359","Watford","Chelsea","5.5","3.8","1.73","1","2"
"360","West_Brom","Everton","3","3.25","2.6","1","2"
"361","Sunderland","Middlesbrough","2.55","3.2","3.1","1","2"
"362","West_Ham","Bournemouth","1.95","3.75","4","1","0"
"363","Chelsea","Burnley","1.25","5.5","15","3","0"
"364","Crystal_Palace","Bournemouth","2.3","3.2","3.3","1","1"
"365","Everton","Stoke","1.73","3.6","5.25","1","0"
"366","Hull","Man_United","8","4.1","1.44","0","1"
"367","Leicester","Swansea","1.73","3.6","5.25","2","1"
"368","Southampton","Sunderland","1.57","3.6","6.5","1","1"
"369","Tottenham","Liverpool","2.38","3.4","3","1","1"
"370","Watford","Arsenal","5","3.75","1.73","1","3"
"371","Man_City","West_Ham","1.25","6","11","3","1"
"372","West_Brom","Middlesbrough","2.6","3.1","2.9","0","0"
"373","Arsenal","Southampton","1.57","4.2","6.5","2","1"
"374","Bournemouth","West_Brom","2.05","3.25","4.33","1","0"
"375","Burnley","Hull","2.45","3.1","3.4","1","1"
"376","Liverpool","Leicester","1.7","4","5.5","4","1"
"377","Man_United","Man_City","2.38","3.25","3.4","1","2"
"378","Middlesbrough","Crystal_Palace","2.3","3.2","3.6","1","2"
"379","Stoke","Tottenham","4.6","3.75","1.85","0","4"
"380","West_Ham","Watford","1.91","3.6","4.5","2","4"
"381","Swansea","Chelsea","5.75","4","1.67","2","2"
"382","Sunderland","Everton","3.8","3.5","2.1","0","3"
"383","Chelsea","Liverpool","2.25","3.5","3.4","1","2"
"384","Everton","Middlesbrough","1.67","3.8","6","3","1"
"385","Hull","Arsenal","6","4.2","1.6","1","4"
"386","Leicester","Burnley","1.5","4.33","8","3","0"
"387","Man_City","Bournemouth","1.29","6","12","4","0"
"388","West_Brom","West_Ham","2.8","3.2","2.8","4","2"
"389","Crystal_Palace","Stoke","2","3.5","4.2","4","1"
"390","Southampton","Swansea","1.7","3.8","5.75","1","0"
"391","Tottenham","Sunderland","1.33","5.5","11","1","0"
"392","Watford","Man_United","6","4.2","1.62","3","1"
"393","Arsenal","Chelsea","2.4","3.5","3.1","3","0"
"394","Bournemouth","Everton","3.6","3.5","2.15","1","0"
"395","Liverpool","Hull","1.22","7","15","5","1"
"396","Man_United","Leicester","1.73","3.9","5.25","4","1"
"397","Middlesbrough","Tottenham","3.75","3.5","2.1","1","2"
"398","Stoke","West_Brom","2.38","3.3","3.3","1","1"
"399","Sunderland","Crystal_Palace","2.88","3.25","2.7","2","3"
"400","Swansea","Man_City","9","5.5","1.36","1","3"
"401","West_Ham","Southampton","2.8","3.3","2.75","0","3"
"402","Burnley","Watford","2.9","3.2","2.7","2","0"
"403","Everton","Crystal_Palace","1.73","4","5","1","1"
"404","Hull","Chelsea","7.5","4.5","1.5","0","2"
"405","Sunderland","West_Brom","2.5","3.25","3.2","1","1"
"406","Swansea","Liverpool","8","4.75","1.45","1","2"
"407","Watford","Bournemouth","2.38","3.3","3.3","2","2"
"408","West_Ham","Middlesbrough","2.25","3.4","3.5","1","1"
"409","Burnley","Arsenal","9","5","1.4","0","1"
"410","Leicester","Southampton","2.25","3.4","3.5","0","0"
"411","Man_United","Stoke","1.33","5.75","10","1","1"
"412","Tottenham","Man_City","3","3.5","2.5","2","0"
"413","Arsenal","Swansea","1.29","6.5","11","3","2"
"414","Bournemouth","Hull","1.85","3.5","5","6","1"
"415","Chelsea","Leicester","1.57","4.5","6","3","0"
"416","Crystal_Palace","West_Ham","2.15","3.5","3.6","0","1"
"417","Man_City","Everton","1.5","4.75","7","1","1"
"418","Stoke","Sunderland","2","3.6","4","2","0"
"419","West_Brom","Tottenham","5.5","3.8","1.73","1","1"
"420","Middlesbrough","Watford","2.25","3.3","3.6","0","1"
"421","Southampton","Burnley","1.4","4.8","9.5","3","1"
"422","Liverpool","Man_United","2.2","3.5","3.5","0","0"
"423","Arsenal","Middlesbrough","1.25","6.5","15","0","0"
"424","Bournemouth","Tottenham","4.2","3.6","1.95","0","0"
"425","Burnley","Everton","6","3.8","1.67","2","1"
"426","Hull","Stoke","3.1","3.3","2.5","0","2"
"427","Leicester","Crystal_Palace","2.05","3.5","3.9","3","1"
"428","Liverpool","West_Brom","1.29","6","13","2","1"
"429","Swansea","Watford","2.38","3.3","3.3","0","0"
"430","West_Ham","Sunderland","1.67","4","5.75","1","0"
"431","Chelsea","Man_United","2.15","3.4","3.8","4","0"
"432","Man_City","Southampton","1.5","4.5","7.5","1","1"
"433","Crystal_Palace","Liverpool","5.25","4","1.7","2","4"
"434","Man_United","Burnley","1.2","7","19","0","0"
"435","Middlesbrough","Bournemouth","2.5","3.2","3.2","2","0"
"436","Sunderland","Arsenal","9","5","1.4","1","4"
"437","Tottenham","Leicester","1.62","4.2","6","1","1"
"438","Watford","Hull","1.75","3.75","5.25","1","0"
"439","West_Brom","Man_City","8","4.75","1.44","0","4"
"440","Everton","West_Ham","1.8","3.8","4.75","2","0"
"441","Southampton","Chelsea","3.2","3.4","2.4","0","2"
"442","Stoke","Swansea","2.05","3.6","3.8","3","1"
"443","Bournemouth","Sunderland","1.65","4.2","5.5","1","2"
"444","Burnley","Crystal_Palace","3.3","3.3","2.38","3","2"
"445","Chelsea","Everton","1.53","4.33","7","5","0"
"446","Man_City","Middlesbrough","1.22","7","15","1","1"
"447","West_Ham","Stoke","2","3.6","4","1","1"
"448","Arsenal","Tottenham","1.95","3.6","4.2","1","1"
"449","Hull","Southampton","5.75","3.8","1.7","2","1"
"450","Leicester","West_Brom","1.8","3.6","5.25","1","2"
"451","Liverpool","Watford","1.29","6","12","6","1"
"452","Swansea","Man_United","5","4","1.73","1","3"
"453","Crystal_Palace","Man_City","6.5","4.5","1.53","1","2"
"454","Everton","Swansea","1.6","4.33","6","1","1"
"455","Man_United","Arsenal","2.6","3.4","2.9","1","1"
"456","Southampton","Liverpool","3.4","3.6","2.2","0","0"
"457","Stoke","Bournemouth","2.3","3.4","3.4","0","1"
"458","Sunderland","Hull","2.15","3.4","3.8","3","0"
"459","Tottenham","West_Ham","1.5","4.5","7.5","3","2"
"460","Watford","Leicester","2.8","3.3","2.75","2","1"
"461","Middlesbrough","Chelsea","7","4","1.57","0","1"
"462","West_Brom","Burnley","1.95","3.4","4.5","4","0"
"463","Burnley","Man_City","9","6","1.33","1","2"
"464","Chelsea","Tottenham","1.75","3.8","5.25","2","1"
"465","Hull","West_Brom","3.1","3.2","2.6","1","1"
"466","Leicester","Middlesbrough","1.91","3.6","4.5","2","2"
"467","Liverpool","Sunderland","1.17","8.5","19","2","0"
"468","Swansea","Crystal_Palace","2.63","3.4","2.88","5","4"
"469","Arsenal","Bournemouth","1.4","5","9","3","1"
"470","Man_United","West_Ham","1.45","4.75","8","1","1"
"471","Southampton","Everton","2.2","3.4","3.6","1","0"
"472","Watford","Stoke","2.4","3.3","3.3","0","1"
"473","Crystal_Palace","Southampton","3.5","3.3","2.3","3","0"
"474","Man_City","Chelsea","2.15","3.6","3.6","1","3"
"475","Stoke","Burnley","1.62","4","6.5","2","0"
"476","Sunderland","Leicester","3.4","3.4","2.3","2","1"
"477","Tottenham","Swansea","1.36","5.5","9","5","0"
"478","West_Brom","Watford","2.2","3.3","3.75","3","1"
"479","West_Ham","Arsenal","4.75","4.2","1.75","1","5"
"480","Bournemouth","Liverpool","5","4","1.75","4","3"
"481","Everton","Man_United","3.6","3.5","2.15","1","1"
"482","Middlesbrough","Hull","1.83","3.5","5.25","1","0"
"483","Arsenal","Stoke","1.35","5.5","9.5","3","1"
"484","Burnley","Bournemouth","3.5","3.5","2.2","3","2"
"485","Hull","Crystal_Palace","3.5","3.3","2.3","3","3"
"486","Leicester","Man_City","5.25","4","1.7","4","2"
"487","Swansea","Sunderland","2.15","3.5","3.6","3","0"
"488","Watford","Everton","3.1","3.4","2.45","3","2"
"489","Chelsea","West_Brom","1.25","6.25","15","1","0"
"490","Liverpool","West_Ham","1.3","6","11","2","2"
"491","Man_United","Tottenham","2.2","3.4","3.6","1","0"
"492","Southampton","Middlesbrough","1.7","3.7","6","1","0"
"493","Bournemouth","Leicester","2.4","3.4","3.2","1","0"
"494","Everton","Arsenal","4.2","3.75","1.91","2","1"
"495","Crystal_Palace","Man_United","5.25","4","1.7","1","2"
"496","Man_City","Watford","1.29","6.5","11","2","0"
"497","Middlesbrough","Liverpool","6","4.33","1.6","0","3"
"498","Stoke","Southampton","3.1","3.3","2.5","0","0"
"499","Sunderland","Chelsea","10","5.75","1.33","0","1"
"500","Tottenham","Hull","1.22","7","15","3","0"
"501","West_Brom","Swansea","2.05","3.5","4","3","1"
"502","West_Ham","Burnley","1.67","4","5.75","1","0"
"503","Crystal_Palace","Chelsea","6.5","4.2","1.57","0","1"
"504","Middlesbrough","Swansea","2.1","3.4","4","3","0"
"505","Stoke","Leicester","2.6","3.4","2.9","2","2"
"506","Sunderland","Watford","2.63","3.3","2.9","1","0"
"507","West_Brom","Man_United","5.75","3.8","1.7","0","2"
"508","West_Ham","Hull","1.62","4.1","6","1","0"
"509","Bournemouth","Southampton","3","3.3","2.6","1","3"
"510","Man_City","Arsenal","2.15","3.6","3.5","2","1"
"511","Tottenham","Burnley","1.22","7","15","2","1"
"512","Everton","Liverpool","4.2","3.6","1.95","0","1"
"513","Arsenal","West_Brom","1.33","5.5","8.5","1","0"
"514","Burnley","Middlesbrough","2.9","3.1","2.6","1","0"
"515","Chelsea","Bournemouth","1.36","5","8.5","3","0"
"516","Hull","Man_City","10","5.5","1.3","0","3"
"517","Leicester","Everton","2.5","3.3","2.9","0","2"
"518","Man_United","Sunderland","1.22","6.5","13","3","1"
"519","Swansea","West_Ham","2.63","3.2","2.8","1","4"
"520","Watford","Crystal_Palace","2.5","3.3","2.9","1","1"
"521","Liverpool","Stoke","1.3","5.5","10","4","1"
"522","Southampton","Tottenham","2.8","3.25","2.6","1","4"
"523","Hull","Everton","4.33","3.5","1.95","2","2"
"524","Burnley","Sunderland","2.4","3.25","3.3","4","1"
"525","Chelsea","Stoke","1.25","6.5","14","4","2"
"526","Leicester","West_Ham","2.1","3.6","3.7","1","0"
"527","Liverpool","Man_City","2.35","3.6","3.1","1","0"
"528","Man_United","Middlesbrough","1.25","6","16","2","1"
"529","Southampton","West_Brom","1.75","3.7","5.5","1","2"
"530","Swansea","Bournemouth","2.9","3.4","2.6","0","3"
"531","Arsenal","Crystal_Palace","1.29","5.5","9.5","2","0"
"532","Watford","Tottenham","5.5","3.75","1.62","1","4"
"533","Everton","Southampton","2.2","3.4","3.6","3","0"
"534","Man_City","Burnley","1.17","8.5","19","2","1"
"535","Middlesbrough","Leicester","2.75","3.2","2.88","0","0"
"536","Sunderland","Liverpool","11","5.5","1.33","2","2"
"537","West_Brom","Hull","1.75","3.7","5.5","3","1"
"538","West_Ham","Man_United","6","4","1.65","0","2"
"539","Bournemouth","Arsenal","4.33","3.4","1.85","3","3"
"540","Crystal_Palace","Swansea","1.75","3.5","4.75","1","2"
"541","Stoke","Watford","1.8","3.5","4.5","2","0"
"542","Tottenham","Chelsea","2.63","3.25","2.63","2","0"
"543","Burnley","Southampton","3.6","3.4","2.2","1","0"
"544","Hull","Bournemouth","3.3","3.5","2.3","3","1"
"545","Leicester","Chelsea","6","4.1","1.62","0","3"
"546","Sunderland","Stoke","3.1","3.3","2.5","1","3"
"547","Swansea","Arsenal","7","4.75","1.5","0","4"
"548","Tottenham","West_Brom","1.33","5.5","11","4","0"
"549","Watford","Middlesbrough","2.5","3.2","3.2","0","0"
"550","West_Ham","Crystal_Palace","2.38","3.4","3.2","3","0"
"551","Everton","Man_City","4.5","4","1.8","4","0"
"552","Man_United","Liverpool","2.15","3.4","3.75","1","1"
"553","Bournemouth","Watford","1.83","3.75","4.75","2","2"
"554","Crystal_Palace","Everton","3.25","3.4","2.38","0","1"
"555","Liverpool","Swansea","1.22","7","15","2","3"
"556","Man_City","Tottenham","2.15","3.5","3.6","2","2"
"557","Middlesbrough","West_Ham","2.5","3.2","3.25","1","3"
"558","Stoke","Man_United","6","4.2","1.6","1","1"
"559","West_Brom","Sunderland","1.7","3.8","5.75","2","0"
"560","Arsenal","Burnley","1.2","7.5","17","2","1"
"561","Chelsea","Hull","1.18","8","19","2","0"
"562","Southampton","Leicester","1.83","3.5","5.25","3","0"
"563","Arsenal","Watford","1.22","7","15","1","2"
"564","Bournemouth","Crystal_Palace","2.05","3.5","3.9","0","2"
"565","Burnley","Leicester","2.9","3.25","2.7","1","0"
"566","Liverpool","Chelsea","2.65","3.25","2.9","1","1"
"567","Middlesbrough","West_Brom","2.7","3.1","3","1","1"
"568","Sunderland","Tottenham","9.5","5.25","1.36","0","0"
"569","Swansea","Southampton","3.4","3.4","2.3","2","1"
"570","Man_United","Hull","1.2","7.5","17","0","0"
"571","Stoke","Everton","2.88","3.4","2.63","1","1"
"572","West_Ham","Man_City","6","4.5","1.57","0","4"
"573","Chelsea","Arsenal","1.95","3.6","4.2","3","1"
"574","Crystal_Palace","Sunderland","1.7","3.9","5.5","0","4"
"575","Everton","Bournemouth","1.7","4","5.25","6","3"
"576","Hull","Liverpool","8","4.75","1.45","2","0"
"577","Southampton","West_Ham","1.85","3.75","4.5","1","3"
"578","Tottenham","Middlesbrough","1.29","6","13","1","0"
"579","Watford","Burnley","2.15","3.3","3.9","2","1"
"580","West_Brom","Stoke","2.3","3.25","3.5","1","0"
"581","Leicester","Man_United","5.75","4","1.65","0","3"
"582","Man_City","Swansea","1.22","7","15","2","1"
"583","Arsenal","Hull","1.29","6","13","2","0"
"584","Liverpool","Tottenham","2.3","3.4","3.4","2","0"
"585","Man_United","Watford","1.25","6.5","14","2","0"
"586","Middlesbrough","Everton","3.9","3.3","2.15","0","0"
"587","Stoke","Crystal_Palace","2.15","3.3","3.9","1","0"
"588","Sunderland","Southampton","3.9","3.4","2.1","0","4"
"589","West_Ham","West_Brom","2.25","3.3","3.6","2","2"
"590","Burnley","Chelsea","9","5","1.4","1","1"
"591","Swansea","Leicester","2.4","3.3","3.25","2","0"
"592","Bournemouth","Man_City","7.5","5","1.44","0","2"
"593","Chelsea","Swansea","1.25","6.5","15","3","1"
"594","Crystal_Palace","Middlesbrough","2.1","3.2","4.2","1","0"
"595","Everton","Sunderland","1.4","5.25","8.5","2","0"
"596","Hull","Burnley","2.15","3.3","3.9","1","1"
"597","Watford","West_Ham","2.63","3.3","2.9","1","1"
"598","West_Brom","Bournemouth","2.1","3.4","4","2","1"
"599","Tottenham","Stoke","1.44","5","7.5","4","0"
"600","Leicester","Liverpool","5.5","4.2","1.65","3","1"
"601","Leicester","Hull","1.85","3.6","4.75","3","1"
"602","Liverpool","Arsenal","2.15","3.6","3.6","3","1"
"603","Man_United","Bournemouth","1.25","6.5","15","1","1"
"604","Stoke","Middlesbrough","1.95","3.4","4.5","2","0"
"605","Swansea","Burnley","2","3.5","4.2","3","2"
"606","Watford","Southampton","3.6","3.4","2.2","3","4"
"607","West_Brom","Crystal_Palace","2.2","3.3","3.8","0","2"
"608","Sunderland","Man_City","11","6.5","1.29","0","2"
"609","Tottenham","Everton","1.67","4.2","5.25","3","2"
"610","West_Ham","Chelsea","6","4.1","1.62","1","2"
"611","Man_City","Stoke","1.25","6.5","15","0","0"
"612","Bournemouth","West_Ham","2.6","3.5","2.8","3","2"
"613","Everton","West_Brom","1.67","3.8","6","3","0"
"614","Hull","Swansea","2.55","3.3","3","2","1"
"615","Liverpool","Burnley","1.25","6.5","14","2","1"
"616","Bournemouth","Swansea","2.15","3.5","3.6","2","0"
"617","Crystal_Palace","Watford","1.91","3.5","4.75","1","0"
"618","Everton","Hull","1.53","4.33","7","4","0"
"619","Stoke","Chelsea","6.5","4","1.62","1","2"
"620","Sunderland","Burnley","2.55","3.3","3","0","0"
"621","West_Brom","Arsenal","5.25","4","1.73","3","1"
"622","West_Ham","Leicester","2.3","3.5","3.3","2","3"
"623","Man_City","Liverpool","2","3.75","3.8","1","1"
"624","Middlesbrough","Man_United","6","3.7","1.7","1","3"
"625","Tottenham","Southampton","1.73","3.8","5.5","2","1"
"626","Burnley","Tottenham","5.75","3.8","1.7","0","2"
"627","Chelsea","Crystal_Palace","1.3","5.75","12","1","2"
"628","Hull","West_Ham","2.45","3.4","3.1","2","1"
"629","Leicester","Stoke","2.05","3.5","4","2","0"
"630","Liverpool","Everton","1.73","3.9","5.25","3","1"
"631","Man_United","West_Brom","1.36","5","11","0","0"
"632","Southampton","Bournemouth","1.65","4","6","0","0"
"633","Watford","Sunderland","1.85","3.6","4.75","1","0"
"634","Arsenal","Man_City","3.1","3.75","2.3","2","2"
"635","Swansea","Middlesbrough","2","3.4","4.33","0","0"
"636","Burnley","Stoke","2.5","3.1","3.3","1","0"
"637","Leicester","Sunderland","1.45","4.5","8.5","2","0"
"638","Man_United","Everton","1.57","4.2","6.5","1","1"
"639","Watford","West_Brom","2.5","3.2","3.2","2","0"
"640","Arsenal","West_Ham","1.4","5.25","8","3","0"
"641","Chelsea","Man_City","2.4","3.5","3.1","2","1"
"642","Hull","Middlesbrough","2.05","3.3","4.2","4","2"
"643","Liverpool","Bournemouth","1.36","5.25","9.5","2","2"
"644","Southampton","Crystal_Palace","1.83","3.7","4.75","3","1"
"645","Swansea","Tottenham","5","4","1.73","1","3"
"646","Bournemouth","Chelsea","6.5","4","1.6","1","3"
"647","Man_City","Hull","1.2","7.5","17","3","1"
"648","Middlesbrough","Burnley","2.45","3.1","3.4","0","0"
"649","Stoke","Liverpool","4","3.75","1.95","1","2"
"650","Tottenham","Watford","1.25","6.5","15","4","0"
"651","West_Brom","Southampton","3","3.3","2.55","0","1"
"652","West_Ham","Swansea","2.1","3.6","3.7","1","0"
"653","Everton","Leicester","1.75","3.9","5","4","2"
"654","Sunderland","Man_United","10","5.25","1.36","0","3"
"655","Crystal_Palace","Arsenal","4.5","3.9","1.83","3","0"
"656","Crystal_Palace","Leicester","1.73","3.6","4.75","2","2"
"657","Everton","Burnley","1.4","4.5","8","3","1"
"658","Southampton","Man_City","4.33","4","1.73","0","3"
"659","Stoke","Hull","1.95","3.3","4","3","1"
"660","Sunderland","West_Ham","3.3","3.25","2.2","2","2"
"661","Tottenham","Bournemouth","1.25","6","10","4","0"
"662","Watford","Swansea","2.4","3.3","2.9","1","0"
"663","Man_United","Chelsea","2.55","3.2","2.8","2","0"
"664","West_Brom","Liverpool","4","3.8","1.8","0","1"
"665","Middlesbrough","Arsenal","7","4","1.5","1","2"
"666","Bournemouth","Middlesbrough","1.85","3.75","4.5","4","0"
"667","Hull","Watford","1.91","3.7","4.33","2","0"
"668","Swansea","Stoke","2.2","3.4","3.6","2","0"
"669","West_Ham","Everton","3.3","3.6","2.25","0","0"
"670","Burnley","Man_United","5.75","4","1.67","0","2"
"671","Liverpool","Crystal_Palace","1.5","4.75","7","1","2"
"672","Chelsea","Southampton","1.45","4.6","8.5","4","2"
"673","Arsenal","Leicester","1.6","4.5","5.75","1","0"
"674","Crystal_Palace","Tottenham","5.5","4.2","1.65","0","1"
"675","Middlesbrough","Sunderland","2.3","3.4","3.4","1","0"
"676","Man_City","Man_United","1.91","3.75","4.2","0","0"
"677","Crystal_Palace","Burnley","1.75","3.5","4.75","0","2"
"678","Southampton","Hull","1.6","3.75","5.75","0","0"
"679","Stoke","West_Ham","2","3.5","3.6","0","0"
"680","Sunderland","Bournemouth","3","3.4","2.3","0","1"
"681","West_Brom","Leicester","2.4","3.5","2.75","0","1"
"682","Everton","Chelsea","3.5","3.6","2","0","3"
"683","Man_United","Swansea","1.36","4.75","8","1","1"
"684","Middlesbrough","Man_City","13","5.25","1.25","2","2"
"685","Tottenham","Arsenal","1.85","3.75","4","2","0"
"686","Watford","Liverpool","5.75","4.5","1.5","0","1"
"687","West_Ham","Tottenham","8.5","5.25","1.4","1","0"
"688","Bournemouth","Stoke","2.25","3.6","3.3","2","2"
"689","Burnley","West_Brom","2.25","3.3","3.6","2","2"
"690","Hull","Sunderland","1.44","4.75","8","0","2"
"691","Leicester","Watford","1.57","4.2","6.5","3","0"
"692","Man_City","Crystal_Palace","1.29","6.5","11","5","0"
"693","Swansea","Everton","2.8","3.5","2.63","1","0"
"694","Arsenal","Man_United","1.91","3.7","4.33","2","0"
"695","Liverpool","Southampton","1.62","4.2","6","0","0"
"696","Chelsea","Middlesbrough","1.17","9","19","3","0"
"697","Southampton","Arsenal","3.6","3.8","2.05","0","2"
"698","Everton","Watford","1.5","4.5","7.5","1","0"
"699","West_Brom","Chelsea","10","5.25","1.36","0","1"
"700","Bournemouth","Burnley","1.91","3.75","4.2","2","1"
"701","Man_City","Leicester","1.25","7","12","2","1"
"702","Middlesbrough","Southampton","4","3.6","2","1","2"
"703","Stoke","Arsenal","4.75","4.1","1.75","1","4"
"704","Sunderland","Swansea","4.2","3.8","1.91","0","2"
"705","Crystal_Palace","Hull","2.1","3.6","3.75","4","0"
"706","Tottenham","Man_United","1.73","3.9","5.25","2","1"
"707","West_Ham","Liverpool","5.25","4","1.7","0","4"
"708","Chelsea","Watford","1.25","6.75","13","4","3"
"709","Arsenal","Sunderland","1.09","13","29","2","0"
"710","Man_City","West_Brom","1.14","9","23","3","1"
"711","Southampton","Man_United","2.75","3.3","2.8","0","0"
"712","Leicester","Tottenham","4.5","3.8","1.85","1","6"
"713","Arsenal","Everton","1.45","5","7.5","3","1"
"714","Burnley","West_Ham","2.45","3.5","3","1","2"
"715","Chelsea","Sunderland","1.14","9","23","5","1"
"716","Hull","Tottenham","7","4.75","1.5","1","7"
"717","Leicester","Bournemouth","2","3.6","4","1","1"
"718","Liverpool","Middlesbrough","1.14","9","23","3","0"
"719","Man_United","Crystal_Palace","2.5","3.3","3.1","2","0"
"720","Southampton","Stoke","1.8","3.8","4.75","0","1"
"721","Swansea","West_Brom","2.1","3.5","3.75","2","1"
"722","Watford","Man_City","11","6","1.3","0","5"
"723","Bournemouth","Aston_Villa","2","3.6","4","0","1"
"724","Chelsea","Swansea","1.36","5","11","2","2"
"725","Everton","Watford","1.7","3.9","5.5","2","2"
"726","Leicester","Sunderland","1.95","3.5","4.33","4","2"
"727","Man_United","Tottenham","1.65","4","6","1","0"
"728","Norwich","Crystal_Palace","2.55","3.3","3","1","3"
"729","Arsenal","West_Ham","1.29","6","12","0","2"
"730","Newcastle","Southampton","2.88","3.3","2.7","2","2"
"731","Stoke","Liverpool","3.4","3.4","2.3","0","1"
"732","West_Brom","Man_City","5.75","4","1.67","0","3"
"733","Aston_Villa","Man_United","5.5","3.8","1.73","0","1"
"734","Southampton","Everton","1.95","3.6","4.33","0","3"
"735","Sunderland","Norwich","2.5","3.3","3.1","1","3"
"736","Swansea","Newcastle","1.95","3.6","4.33","2","0"
"737","Tottenham","Stoke","1.8","3.75","5","2","2"
"738","Watford","West_Brom","2.3","3.4","3.4","0","0"
"739","West_Ham","Leicester","2.25","3.5","3.4","1","2"
"740","Crystal_Palace","Arsenal","5.25","3.9","1.73","1","2"
"741","Man_City","Chelsea","2.1","3.5","3.75","3","0"
"742","Liverpool","Bournemouth","1.45","4.75","8","1","0"
"743","Crystal_Palace","Aston_Villa","1.85","3.6","4.75","2","1"
"744","Leicester","Tottenham","2.63","3.6","2.75","1","1"
"745","Man_United","Newcastle","1.36","5.25","10","0","0"
"746","Norwich","Stoke","2.3","3.3","3.5","1","1"
"747","Sunderland","Swansea","4","3.4","2.1","1","1"
"748","West_Ham","Bournemouth","2.38","3.4","3.2","3","4"
"749","Everton","Man_City","5","4","1.73","0","2"
"750","Watford","Southampton","2.8","3.3","2.75","0","0"
"751","West_Brom","Chelsea","6.5","4","1.62","2","3"
"752","Arsenal","Liverpool","1.75","4","5","0","0"
"753","Aston_Villa","Sunderland","1.91","3.5","4.75","2","2"
"754","Bournemouth","Leicester","2.2","3.6","3.4","1","1"
"755","Chelsea","Crystal_Palace","1.36","5","11","1","2"
"756","Liverpool","West_Ham","1.36","5.5","9","0","3"
"757","Man_City","Watford","1.2","8","15","2","0"
"758","Newcastle","Arsenal","6","4.2","1.62","0","1"
"759","Stoke","West_Brom","1.95","3.4","4.5","0","1"
"760","Tottenham","Everton","2","3.5","4.2","0","0"
"761","Southampton","Norwich","2.05","3.5","4","3","0"
"762","Swansea","Man_United","3.6","3.3","2.25","2","1"
"763","Arsenal","Stoke","1.29","6","12","2","0"
"764","Crystal_Palace","Man_City","5.5","4.2","1.67","0","1"
"765","Everton","Chelsea","4","3.6","2","3","1"
"766","Man_United","Liverpool","2","3.4","4.33","3","1"
"767","Norwich","Bournemouth","2.4","3.4","3.2","3","1"
"768","Watford","Swansea","2.75","3.4","2.75","1","0"
"769","West_Brom","Southampton","3.2","3.2","2.5","0","0"
"770","Leicester","Aston_Villa","1.91","3.75","4.33","3","2"
"771","Sunderland","Tottenham","4.33","3.6","1.95","0","1"
"772","West_Ham","Newcastle","2.25","3.5","3.4","2","0"
"773","Aston_Villa","West_Brom","2.3","3.25","3.5","0","1"
"774","Bournemouth","Sunderland","1.7","4","5.5","2","0"
"775","Chelsea","Arsenal","2.45","3.5","3","2","0"
"776","Man_City","West_Ham","1.29","6.5","11","1","2"
"777","Newcastle","Watford","2.5","3.3","3.1","1","2"
"778","Stoke","Leicester","2.5","3.4","3","2","2"
"779","Swansea","Everton","2.3","3.4","3.4","0","0"
"780","Liverpool","Norwich","1.67","4","5.75","1","1"
"781","Southampton","Man_United","3.1","3.3","2.5","2","3"
"782","Tottenham","Crystal_Palace","2","3.6","4","1","0"
"783","Leicester","Arsenal","4.5","4","1.8","2","5"
"784","Liverpool","Aston_Villa","1.53","4.33","7","3","2"
"785","Man_United","Sunderland","1.2","7.5","16","3","0"
"786","Newcastle","Chelsea","6","4.2","1.62","2","2"
"787","Southampton","Swansea","2.05","3.4","4.2","3","1"
"788","Stoke","Bournemouth","2.55","3.3","3","2","1"
"789","Tottenham","Man_City","4.2","3.8","1.91","4","1"
"790","West_Ham","Norwich","2.25","3.5","3.4","2","2"
"791","Watford","Crystal_Palace","2.5","3.3","3.1","0","1"
"792","West_Brom","Everton","3.1","3.3","2.5","2","3"
"793","Aston_Villa","Stoke","2.5","3.3","3.1","0","1"
"794","Bournemouth","Watford","2.1","3.5","3.8","1","1"
"795","Chelsea","Southampton","1.83","3.7","4.8","1","3"
"796","Crystal_Palace","West_Brom","1.83","3.6","5","2","0"
"797","Man_City","Newcastle","1.25","7","13","6","1"
"798","Norwich","Leicester","2.3","3.5","3.3","1","2"
"799","Sunderland","West_Ham","3.2","3.4","2.4","2","2"
"800","Arsenal","Man_United","2","3.8","3.8","3","0"
"801","Everton","Liverpool","2.7","3.4","2.8","1","1"
"802","Swansea","Tottenham","2.75","3.25","2.8","2","2"
"803","Chelsea","Aston_Villa","1.33","5.75","10","2","0"
"804","Crystal_Palace","West_Ham","2","3.6","4","1","3"
"805","Everton","Man_United","3.25","3.4","2.38","0","3"
"806","Man_City","Bournemouth","1.33","5.75","10","5","1"
"807","Southampton","Leicester","1.75","4","5","2","2"
"808","Tottenham","Liverpool","2.5","3.5","3","0","0"
"809","Watford","Arsenal","6","4.2","1.62","0","3"
"810","West_Brom","Sunderland","2.05","3.4","4.2","1","0"
"811","Newcastle","Norwich","2.6","3.4","2.88","6","2"
"812","Swansea","Stoke","2.05","3.4","4.2","0","1"
"813","Arsenal","Everton","1.44","4.75","8","2","1"
"814","Aston_Villa","Swansea","3","3.3","2.6","1","2"
"815","Leicester","Crystal_Palace","2.2","3.6","3.4","1","0"
"816","Norwich","West_Brom","2","3.5","4.2","0","1"
"817","Stoke","Watford","2.1","3.3","4","0","2"
"818","West_Ham","Chelsea","4","3.8","1.95","2","1"
"819","Bournemouth","Tottenham","3.4","3.5","2.25","1","5"
"820","Liverpool","Southampton","2.05","3.6","3.8","1","1"
"821","Man_United","Man_City","2.6","3.5","2.8","0","0"
"822","Sunderland","Newcastle","2.6","3.4","2.9","3","0"
"823","Chelsea","Liverpool","2.1","3.5","3.75","1","3"
"824","Crystal_Palace","Man_United","3.8","3.5","2.1","0","0"
"825","Man_City","Norwich","1.29","6","12","2","1"
"826","Newcastle","Stoke","2.4","3.4","3.2","0","0"
"827","Swansea","Arsenal","5","4","1.75","0","3"
"828","Watford","West_Ham","2.6","3.4","2.9","2","0"
"829","West_Brom","Leicester","2.9","3.4","2.6","2","3"
"830","Everton","Sunderland","1.5","4.5","7.5","6","2"
"831","Southampton","Bournemouth","1.55","4.33","6.5","2","0"
"832","Tottenham","Aston_Villa","1.44","4.75","8","3","1"
"833","Bournemouth","Newcastle","2.25","3.5","3.4","0","1"
"834","Leicester","Watford","1.85","3.8","4.5","2","1"
"835","Man_United","West_Brom","1.33","5.25","12","2","0"
"836","Norwich","Swansea","2.45","3.4","3.1","1","0"
"837","Stoke","Chelsea","3.8","3.6","2.05","1","0"
"838","Sunderland","Southampton","4.75","3.8","1.8","0","1"
"839","West_Ham","Everton","2.6","3.5","2.8","1","1"
"840","Arsenal","Tottenham","1.73","4","5","1","1"
"841","Aston_Villa","Man_City","7.5","5","1.44","0","0"
"842","Liverpool","Crystal_Palace","1.67","3.8","6","1","2"
"843","Chelsea","Norwich","1.4","5","9","1","0"
"844","Everton","Aston_Villa","1.57","4.2","6.5","4","0"
"845","Man_City","Liverpool","1.7","4","5.5","1","4"
"846","Newcastle","Leicester","2.88","3.6","2.5","0","3"
"847","Southampton","Stoke","1.57","4","7","0","1"
"848","Swansea","Bournemouth","1.91","3.6","4.5","2","2"
"849","Watford","Man_United","4.33","3.4","2","1","2"
"850","West_Brom","Arsenal","7","4.33","1.53","2","1"
"851","Tottenham","West_Ham","1.57","4.2","6.5","4","1"
"852","Crystal_Palace","Sunderland","1.57","4","7","0","1"
"853","Aston_Villa","Watford","2.75","3.3","2.8","2","3"
"854","Bournemouth","Everton","2.9","3.6","2.5","3","3"
"855","Crystal_Palace","Newcastle","1.7","3.9","5.5","5","1"
"856","Leicester","Man_United","3.1","3.5","2.4","1","1"
"857","Man_City","Southampton","1.6","4.33","6","3","1"
"858","Sunderland","Stoke","3.2","3.3","2.45","2","0"
"859","Liverpool","Swansea","1.44","4.75","8","1","0"
"860","Norwich","Arsenal","6","4.2","1.62","1","1"
"861","Tottenham","Chelsea","2.6","3.4","2.9","0","0"
"862","West_Ham","West_Brom","2.05","3.5","4","1","1"
"863","Arsenal","Sunderland","1.29","6","13","3","1"
"864","Chelsea","Bournemouth","1.36","5.25","9.5","0","1"
"865","Man_United","West_Ham","1.44","4.5","9","0","0"
"866","Southampton","Aston_Villa","1.5","4.5","7.5","1","1"
"867","Stoke","Man_City","5.25","4","1.7","2","0"
"868","Swansea","Leicester","2.7","3.4","2.75","0","3"
"869","Watford","Norwich","2.15","3.5","3.6","2","0"
"870","West_Brom","Tottenham","4.75","3.6","1.85","1","1"
"871","Newcastle","Liverpool","5.75","4.33","1.62","2","0"
"872","Everton","Crystal_Palace","2.1","3.6","3.75","1","1"
"873","Bournemouth","Man_United","3.4","3.4","2.3","2","1"
"874","Crystal_Palace","Southampton","2.6","3.3","3","1","0"
"875","Man_City","Swansea","1.3","6","11","2","1"
"876","Norwich","Everton","2.9","3.5","2.55","1","1"
"877","Sunderland","Watford","2.9","3.3","2.63","0","1"
"878","West_Ham","Stoke","2.63","3.3","2.9","0","0"
"879","Aston_Villa","Arsenal","6.5","4.2","1.57","0","2"
"880","Liverpool","West_Brom","1.4","4.75","10","2","2"
"881","Tottenham","Newcastle","1.36","5.5","9","1","2"
"882","Leicester","Chelsea","3.2","3.5","2.35","2","1"
"883","Chelsea","Sunderland","1.33","5.25","12","3","1"
"884","Everton","Leicester","2.1","3.75","3.6","2","3"
"885","Man_United","Norwich","1.45","4.5","8.5","1","2"
"886","Newcastle","Aston_Villa","2.05","3.5","4","1","1"
"887","Southampton","Tottenham","2.7","3.4","2.8","0","2"
"888","Stoke","Crystal_Palace","2.5","3.2","3.2","1","2"
"889","West_Brom","Bournemouth","2.55","3.3","3","1","2"
"890","Swansea","West_Ham","2.1","3.4","3.9","0","0"
"891","Watford","Liverpool","4.2","3.6","1.95","3","0"
"892","Arsenal","Man_City","2.45","3.5","3","2","1"
"893","Aston_Villa","West_Ham","2.63","3.25","2.75","1","1"
"894","Bournemouth","Crystal_Palace","2.4","3.3","3","0","0"
"895","Chelsea","Watford","1.44","4.5","7.5","2","2"
"896","Liverpool","Leicester","1.91","3.8","3.8","1","0"
"897","Man_City","Sunderland","1.2","7","13","4","1"
"898","Newcastle","Everton","3.2","3.5","2.2","0","1"
"899","Southampton","Arsenal","3.6","3.5","2.05","4","0"
"900","Stoke","Man_United","3.25","3.2","2.3","2","0"
"901","Swansea","West_Brom","1.91","3.4","4.5","1","0"
"902","Tottenham","Norwich","1.4","4.75","8","3","0"
"903","Arsenal","Bournemouth","1.44","4.75","8","2","0"
"904","Crystal_Palace","Swansea","2.1","3.4","4","0","0"
"905","Everton","Stoke","1.95","3.6","4.2","3","4"
"906","Man_United","Chelsea","2.6","3.3","3","0","0"
"907","Norwich","Aston_Villa","2.05","3.6","3.8","2","0"
"908","Watford","Tottenham","3.75","3.5","2.1","1","2"
"909","West_Brom","Newcastle","2.2","3.25","3.75","1","0"
"910","West_Ham","Southampton","3.6","3.4","2.2","2","1"
"911","Leicester","Man_City","4.33","4","1.85","0","0"
"912","Sunderland","Liverpool","5.5","3.9","1.7","0","1"
"913","Arsenal","Newcastle","1.29","6.5","11","1","0"
"914","Leicester","Bournemouth","1.91","3.75","4.33","0","0"
"915","Man_United","Swansea","1.55","4.2","7","2","1"
"916","Norwich","Southampton","3.2","3.4","2.4","1","0"
"917","Sunderland","Aston_Villa","2.5","3.25","3.2","3","1"
"918","Watford","Man_City","5","4","1.75","1","2"
"919","West_Brom","Stoke","2.8","3.2","2.8","2","1"
"920","West_Ham","Liverpool","4","3.5","2.05","2","0"
"921","Crystal_Palace","Chelsea","3.8","3.5","2.1","0","3"
"922","Everton","Tottenham","2.8","3.5","2.63","1","1"
"923","Aston_Villa","Crystal_Palace","3.2","3.25","2.45","1","0"
"924","Bournemouth","West_Ham","2","3.6","4","1","3"
"925","Newcastle","Man_United","5","3.7","1.8","3","3"
"926","Chelsea","West_Brom","1.44","4.5","9","2","2"
"927","Liverpool","Arsenal","2.88","3.4","2.6","3","3"
"928","Man_City","Everton","1.53","4.75","6","0","0"
"929","Southampton","Watford","1.95","3.5","4.33","2","0"
"930","Stoke","Norwich","2.05","3.3","4.2","3","1"
"931","Swansea","Sunderland","1.8","3.6","5.25","2","4"
"932","Tottenham","Leicester","1.75","3.8","5.25","0","1"
"933","Aston_Villa","Leicester","3.6","3.4","2.2","1","1"
"934","Bournemouth","Norwich","1.91","3.6","4.5","3","0"
"935","Chelsea","Everton","1.83","3.75","4.75","3","3"
"936","Man_City","Crystal_Palace","1.4","5.25","8.5","4","0"
"937","Newcastle","West_Ham","2.5","3.4","3","2","1"
"938","Southampton","West_Brom","1.73","3.75","5.5","3","0"
"939","Tottenham","Sunderland","1.36","5.25","9.5","4","1"
"940","Liverpool","Man_United","2.3","3.25","3.5","0","1"
"941","Stoke","Arsenal","4.33","3.6","1.95","0","0"
"942","Swansea","Watford","2.38","3.25","3.4","1","0"
"943","Crystal_Palace","Tottenham","3.6","3.5","2.15","1","3"
"944","Leicester","Stoke","2.1","3.5","3.8","3","0"
"945","Man_United","Southampton","1.91","3.5","4.75","0","1"
"946","Norwich","Liverpool","4.33","3.5","1.95","4","5"
"947","Sunderland","Bournemouth","3","3.4","2.5","1","1"
"948","Watford","Newcastle","2.05","3.5","4","2","1"
"949","West_Brom","Aston_Villa","2.1","3.3","4","0","0"
"950","West_Ham","Man_City","5","4","1.73","2","2"
"951","Arsenal","Chelsea","2.1","3.5","3.9","0","1"
"952","Everton","Swansea","1.73","3.8","5.5","1","2"
"953","Arsenal","Southampton","1.75","3.75","5.25","0","0"
"954","Crystal_Palace","Bournemouth","2.45","3.3","3.2","1","2"
"955","Leicester","Liverpool","2.63","3.4","2.88","2","0"
"956","Man_United","Stoke","1.7","3.75","5.75","3","0"
"957","Norwich","Tottenham","4.5","3.75","1.85","0","3"
"958","Sunderland","Man_City","8","4.75","1.45","0","1"
"959","West_Brom","Swansea","2.63","3.1","3.1","1","1"
"960","West_Ham","Aston_Villa","1.91","3.5","4.75","2","0"
"961","Everton","Newcastle","1.65","4.2","5.5","3","0"
"962","Watford","Chelsea","4.33","3.5","1.95","0","0"
"963","Aston_Villa","Norwich","2.45","3.2","3.3","2","0"
"964","Liverpool","Sunderland","1.44","4.75","8.5","2","2"
"965","Man_City","Leicester","1.62","4.2","6","1","3"
"966","Newcastle","West_Brom","2.15","3.4","3.8","1","0"
"967","Southampton","West_Ham","1.73","3.8","5.5","1","0"
"968","Stoke","Everton","2.7","3.4","2.8","0","3"
"969","Swansea","Crystal_Palace","2.25","3.3","3.6","1","1"
"970","Tottenham","Watford","1.5","4.33","8","1","0"
"971","Bournemouth","Arsenal","3.8","3.5","2.1","0","2"
"972","Chelsea","Man_United","2.15","3.3","3.9","1","1"
"973","Bournemouth","Stoke","2.05","3.4","4.1","1","3"
"974","Chelsea","Newcastle","1.44","4.75","8","5","1"
"975","Crystal_Palace","Watford","2.25","3.3","3.6","1","2"
"976","Everton","West_Brom","1.53","4.2","7.5","0","1"
"977","Norwich","West_Ham","2.38","3.4","3.25","2","2"
"978","Sunderland","Man_United","5.25","3.75","1.75","2","1"
"979","Swansea","Southampton","3.2","3.25","2.5","0","1"
"980","Arsenal","Leicester","1.75","4","5","2","1"
"981","Aston_Villa","Liverpool","4.75","3.6","1.85","0","6"
"982","Man_City","Tottenham","2.1","3.75","3.6","1","2"
"983","Leicester","Norwich","1.5","4.33","6","1","0"
"984","Southampton","Chelsea","2.8","3.25","2.5","1","2"
"985","Stoke","Aston_Villa","1.62","3.75","5.5","2","1"
"986","Watford","Bournemouth","2.38","3.25","3","0","0"
"987","West_Brom","Crystal_Palace","2.6","3.1","2.8","3","2"
"988","West_Ham","Sunderland","1.8","3.5","4.5","1","0"
"989","Tottenham","Swansea","1.4","4.2","9","2","1"
"990","Man_United","Arsenal","3","3.25","2.38","3","2"
"991","Aston_Villa","Everton","4.5","3.6","1.91","1","3"
"992","Bournemouth","Southampton","2.9","3.25","2.7","2","0"
"993","Leicester","West_Brom","1.73","3.8","5.5","2","2"
"994","Norwich","Chelsea","5.25","4","1.7","1","2"
"995","Sunderland","Crystal_Palace","2.5","3.3","3.1","2","2"
"996","Arsenal","Swansea","1.36","5.25","10","1","2"
"997","Liverpool","Man_City","2.63","3.4","2.88","3","0"
"998","Man_United","Watford","1.67","3.8","6","1","0"
"999","Stoke","Newcastle","2","3.5","4.2","1","0"
"1000","West_Ham","Tottenham","4","3.6","2","1","0"
"1001","Chelsea","Stoke","1.5","4.5","7.5","1","1"
"1002","Everton","West_Ham","1.73","4","5","2","3"
"1003","Man_City","Aston_Villa","1.22","7","15","4","0"
"1004","Newcastle","Bournemouth","2.63","3.4","2.88","1","3"
"1005","Southampton","Sunderland","1.6","4","6.5","1","1"
"1006","Swansea","Norwich","2.05","3.5","4","1","0"
"1007","Tottenham","Arsenal","2.38","3.4","3.25","2","2"
"1008","Watford","Leicester","3","3.4","2.55","0","1"
"1009","Crystal_Palace","Liverpool","3.8","3.5","2.1","1","2"
"1010","West_Brom","Man_United","4.33","3.4","2","1","0"
"1011","Bournemouth","Swansea","1.95","3.5","4.33","3","2"
"1012","Norwich","Man_City","6","4.2","1.6","0","0"
"1013","Stoke","Southampton","2.7","3.2","2.9","1","2"
"1014","Aston_Villa","Tottenham","7.5","4.5","1.5","0","2"
"1015","Leicester","Newcastle","1.57","4.33","6.25","1","0"
"1016","Chelsea","West_Ham","1.75","3.8","5.25","2","2"
"1017","Crystal_Palace","Leicester","3","3.4","2.5","0","1"
"1018","Everton","Arsenal","2.7","3.5","2.7","0","2"
"1019","Swansea","Aston_Villa","1.67","3.8","6","1","0"
"1020","Watford","Stoke","2.4","3.25","3.3","1","2"
"1021","West_Brom","Norwich","2.25","3.3","3.6","0","1"
"1022","Man_City","Man_United","1.83","3.75","4.75","0","1"
"1023","Newcastle","Sunderland","2.1","3.5","3.8","1","1"
"1024","Southampton","Liverpool","2.63","3.4","2.88","3","2"
"1025","Tottenham","Bournemouth","1.53","4.33","7","3","0"
"1026","Arsenal","Watford","1.36","5.25","10","4","0"
"1027","Aston_Villa","Chelsea","6.5","4.33","1.57","0","4"
"1028","Bournemouth","Man_City","3.75","3.6","2.1","0","4"
"1029","Liverpool","Tottenham","2.5","3.4","3","1","1"
"1030","Norwich","Newcastle","2.2","3.4","3.6","3","2"
"1031","Stoke","Swansea","2.2","3.4","3.6","2","2"
"1032","Sunderland","West_Brom","2.1","3.3","4","0","0"
"1033","West_Ham","Crystal_Palace","1.95","3.6","4.2","2","2"
"1034","Leicester","Southampton","2.25","3.4","3.5","1","0"
"1035","Man_United","Everton","2.1","3.5","3.75","1","0"
"1036","Aston_Villa","Bournemouth","3.4","3.2","2.2","1","2"
"1037","Crystal_Palace","Norwich","2.05","3.4","3.6","1","0"
"1038","Man_City","West_Brom","1.33","5","9","2","1"
"1039","Southampton","Newcastle","1.53","4","6","3","1"
"1040","Swansea","Chelsea","3.75","3.4","2","1","0"
"1041","Watford","Everton","3.4","3.3","2.15","1","1"
"1042","West_Ham","Arsenal","3.6","3.5","2","3","3"
"1043","Liverpool","Stoke","1.55","4","5.75","4","1"
"1044","Sunderland","Leicester","3.4","3.4","2.1","0","2"
"1045","Tottenham","Man_United","1.91","3.5","4","3","0"
"1046","Crystal_Palace","Everton","2.9","3.4","2.6","0","0"
"1047","Chelsea","Man_City","2.75","3.4","2.7","0","3"
"1048","Everton","Southampton","2.7","3.4","2.8","1","1"
"1049","Man_United","Aston_Villa","1.22","7","17","1","0"
"1050","Newcastle","Swansea","2.3","3.4","3.4","3","0"
"1051","Norwich","Sunderland","2.4","3.3","3.25","0","3"
"1052","West_Brom","Watford","2.4","3.2","3.4","0","1"
"1053","Arsenal","Crystal_Palace","1.33","5.75","9.5","1","1"
"1054","Bournemouth","Liverpool","3.6","3.5","2.15","1","2"
"1055","Leicester","West_Ham","1.95","3.6","4.2","2","2"
"1056","Stoke","Tottenham","4.5","3.75","1.85","0","4"
"1057","Newcastle","Man_City","6","4.5","1.57","1","1"
"1058","Liverpool","Everton","1.73","4","5","4","0"
"1059","Man_United","Crystal_Palace","1.53","4.33","7","2","0"
"1060","West_Ham","Watford","1.57","4.33","6.5","3","1"
"1061","Arsenal","West_Brom","1.29","6","13","2","0"
"1062","Aston_Villa","Southampton","7.5","4.2","1.53","2","4"
"1063","Bournemouth","Chelsea","3.1","3.5","2.4","1","4"
"1064","Liverpool","Newcastle","1.57","4.5","6","2","2"
"1065","Man_City","Stoke","1.3","6","11","4","0"
"1066","Leicester","Swansea","1.75","3.7","5.5","4","0"
"1067","Sunderland","Arsenal","4.5","4","1.8","0","0"
"1068","Tottenham","West_Brom","1.22","7","15","1","1"
"1069","Arsenal","Norwich","1.29","6.5","11","1","0"
"1070","Everton","Bournemouth","2","3.8","3.8","2","1"
"1071","Newcastle","Crystal_Palace","2","3.6","4","1","0"
"1072","Stoke","Sunderland","2.75","3.3","2.8","1","1"
"1073","Watford","Aston_Villa","1.7","3.8","5.75","3","2"
"1074","West_Brom","West_Ham","4","3.4","2.1","0","3"
"1075","Man_United","Leicester","2.1","3.4","3.9","1","1"
"1076","Southampton","Man_City","2.8","3.4","2.7","4","2"
"1077","Swansea","Liverpool","3.1","3.5","2.4","3","1"
"1078","Chelsea","Tottenham","2.75","3.6","2.63","2","2"
"1079","Aston_Villa","Newcastle","5.75","4.2","1.65","0","0"
"1080","Bournemouth","West_Brom","1.95","3.6","4.2","1","1"
"1081","Crystal_Palace","Stoke","2.05","3.5","3.9","2","1"
"1082","Leicester","Everton","1.91","4","4","3","1"
"1083","Norwich","Man_United","4.5","3.6","1.91","0","1"
"1084","Sunderland","Chelsea","3","3.5","2.45","3","2"
"1085","West_Ham","Swansea","1.44","4.75","8","1","4"
"1086","Liverpool","Watford","1.5","4.5","7.5","2","0"
"1087","Man_City","Arsenal","2.5","3.6","2.9","2","2"
"1088","Tottenham","Southampton","2.05","3.6","3.9","1","2"
"1089","West_Ham","Man_United","3","3.5","2.45","3","2"
"1090","Liverpool","Chelsea","2","3.8","3.8","1","1"
"1091","Norwich","Watford","1.83","3.75","4.75","4","2"
"1092","Sunderland","Everton","1.75","4","5","3","0"
"1093","Arsenal","Aston_Villa","1.17","9","17","4","0"
"1094","Chelsea","Leicester","2.3","3.75","3.1","1","1"
"1095","Everton","Norwich","1.8","4","4.5","3","0"
"1096","Newcastle","Tottenham","4.5","4","1.8","5","1"
"1097","Southampton","Crystal_Palace","1.36","5.5","9","4","1"
"1098","Stoke","West_Ham","3.5","3.6","2.15","2","1"
"1099","Swansea","Man_City","6","4.75","1.53","1","1"
"1100","Watford","Sunderland","2.05","3.75","3.7","2","2"
"1101","West_Brom","Liverpool","2.4","3.6","3","1","1"
"1102","Man_United","Bournemouth","1.67","4.2","5.25","3","1"
